{"$type":"List`1","$values":[{"$id":"1","$type":"ProjectOptionEntry","key":"LastSelection@Siemens.Simatic.PlcLanguages.SCLEditor.SCLEditorView","context":"{2232321-38646}","value":{"$id":"2","$type":"SessionDataUndo","CaretPositionRC":"22, 56"}},{"$id":"3","$type":"ProjectOptionEntry","key":"LastSelection@Siemens.Simatic.PlcLanguages.SCLEditor.SCLEditorView","context":"{2232321-38852}","value":{"$id":"4","$type":"SessionDataUndo","CaretPositionRC":"13, 11"}},{"$id":"5","$type":"ProjectOptionEntry","key":"LastSelection@Siemens.Simatic.PlcLanguages.SCLEditor.SCLEditorView","context":"{2232321-38864}","value":{"$id":"6","$type":"SessionDataUndo","CaretPositionRC":"26, 4"}},{"$id":"7","$type":"ProjectOptionEntry","key":"LastSelection@Siemens.Simatic.PlcLanguages.SCLEditor.SCLEditorView","context":"{2232321-38724}","value":{"$id":"8","$type":"SessionDataUndo","CaretPositionRC":"6, 25"}},{"$id":"9","$type":"ProjectOptionEntry","key":"LastSelection@Siemens.Simatic.PlcLanguages.SCLEditor.SCLEditorView","context":"{2232321-38745}","value":{"$id":"10","$type":"SessionDataUndo","CaretPositionRC":"65, 9"}},{"$id":"11","$type":"ProjectOptionEntry","key":"LastSelection@Siemens.Simatic.PlcLanguages.SCLEditor.SCLEditorView","context":"{2232321-38876}","value":{"$id":"12","$type":"SessionDataUndo","CaretPositionRC":"23, 13"}},{"$id":"13","$type":"ProjectOptionEntry","key":"LastSelection@Siemens.Simatic.PlcLanguages.SCLEditor.SCLEditorView","context":"{2232321-38840}","value":{"$id":"14","$type":"SessionDataUndo","CaretPositionRC":"0, 4"}},{"$id":"15","$type":"ProjectOptionEntry","key":"LastSelection@Siemens.Simatic.PlcLanguages.SCLEditor.SCLEditorView","context":"{2232321-38828}","value":{"$id":"16","$type":"SessionDataUndo","CaretPositionRC":"0, 27"}},{"$id":"17","$type":"ProjectOptionEntry","key":"LastSelection@Siemens.Simatic.PlcLanguages.SCLEditor.SCLEditorView","context":"{2232321-38764}","value":{"$id":"18","$type":"SessionDataUndo","CaretPositionRC":"68, 5"}},{"$id":"19","$type":"ProjectOptionEntry","key":"LastSelection@Siemens.Simatic.PlcLanguages.SCLEditor.SCLEditorView","context":"{2232321-38887}","value":{"$id":"20","$type":"SessionDataUndo","CaretPositionRC":"0, 5"}},{"$id":"21","$type":"ProjectOptionEntry","key":"LastSelection@Siemens.Simatic.PlcLanguages.SCLEditor.SCLEditorView","context":"{2232321-38607}","value":{"$id":"22","$type":"SessionDataUndo","CaretPositionRC":"0, 3"}},{"$id":"23","$type":"ProjectOptionEntry","key":"NetworkCollapsed","context":"{2232342-56439}","value":false},{"$id":"24","$type":"ProjectOptionEntry","key":"RestoreNetworkStates","context":"{2232321-56436}","value":true},{"$id":"25","$type":"ProjectOptionEntry","key":"NetworkCollapsed","context":"{2232342-56440}","value":false},{"$id":"26","$type":"ProjectOptionEntry","key":"LastSelection@Siemens.Simatic.PlcLanguages.PLFrame.BasicLanguageEditor","context":"{2232321-56436}","value":{"$id":"27","$type":"SessionState","NetworkStates":{"$id":"28","$type":"Dictionary`2","1":5},"FocusedComponent":4,"ComponentUndoState":{"$id":"29","$type":"FLGViewSessionState","SelectedElements":{"$type":"String[]","$values":["<?xml version=\"1.0\" encoding=\"utf-16\"?><Operand UId=\"43\" RefId=\"0\" OwnerUId=\"28\" ParaNum=\"-1\" Formalname=\"EN\" />"]},"RelevantSettings":null}}},{"$id":"30","$type":"ProjectOptionEntry","key":"LastSelection@Siemens.Simatic.PlcLanguages.SCLEditor.SCLEditorView","context":"{2232321-38928}","value":{"$id":"31","$type":"SessionDataUndo","CaretPositionRC":"0, 15"}},{"$id":"32","$type":"ProjectOptionEntry","key":"LastSelection@Siemens.Simatic.PlcLanguages.SCLEditor.SCLEditorView","context":"{2232321-38669}","value":{"$id":"33","$type":"SessionDataUndo","CaretPositionRC":"0, 19"}},{"$id":"34","$type":"ProjectOptionEntry","key":"LastSelection@Siemens.Simatic.PlcLanguages.SCLEditor.SCLEditorView","context":"{2232321-58891}","value":{"$id":"35","$type":"SessionDataUndo","CaretPositionRC":"0, 0"}},{"$id":"36","$type":"ProjectOptionEntry","key":"NetworkCollapsed","context":"{2232342-60889}","value":false},{"$id":"37","$type":"ProjectOptionEntry","key":"RestoreNetworkStates","context":"{2232321-60886}","value":true},{"$id":"38","$type":"ProjectOptionEntry","key":"LastSelection@Siemens.Simatic.PlcLanguages.SCLEditor.SCLEditorView","context":"{2232321-38637}","value":{"$id":"39","$type":"SessionDataUndo","CaretPositionRC":"0, 5"}},{"$id":"40","$type":"ProjectOptionEntry","key":"LastSelection@Siemens.Simatic.PlcLanguages.SCLEditor.SCLEditorView","context":"{2232321-38781}","value":{"$id":"41","$type":"SessionDataUndo","CaretPositionRC":"0, 4"}},{"$id":"42","$type":"ProjectOptionEntry","key":"LastSelection@Siemens.Simatic.PlcLanguages.SCLEditor.SCLEditorView","context":"{2232321-38658}","value":{"$id":"43","$type":"SessionDataUndo","CaretPositionRC":"0, 0"}},{"$id":"44","$type":"ProjectOptionEntry","key":"LastSelection@Siemens.Simatic.PlcLanguages.SCLEditor.SCLEditorView","context":"{2232321-38810}","value":{"$id":"45","$type":"SessionDataUndo","CaretPositionRC":"0, 0"}},{"$id":"46","$type":"ProjectOptionEntry","key":"LastSelection@Siemens.Simatic.PlcLanguages.SCLEditor.SCLEditorView","context":"{2232321-38597}","value":{"$id":"47","$type":"SessionDataUndo","CaretPositionRC":"56, 2"}},{"$id":"48","$type":"ProjectOptionEntry","key":"LastSelection@Siemens.Simatic.PlcLanguages.SCLEditor.SCLEditorView","context":"{2232321-38912}","value":{"$id":"49","$type":"SessionDataUndo","CaretPositionRC":"0, 0"}},{"$id":"50","$type":"ProjectOptionEntry","key":"NetworkCollapsed","context":"{2232342-63023}","value":false},{"$id":"51","$type":"ProjectOptionEntry","key":"NetworkCollapsed","context":"{2232342-63024}","value":false},{"$id":"52","$type":"ProjectOptionEntry","key":"NetworkCollapsed","context":"{2232342-63025}","value":false},{"$id":"53","$type":"ProjectOptionEntry","key":"NetworkCollapsed","context":"{2232342-63026}","value":false},{"$id":"54","$type":"ProjectOptionEntry","key":"NetworkCollapsed","context":"{2232342-63027}","value":false},{"$id":"55","$type":"ProjectOptionEntry","key":"RestoreNetworkStates","context":"{2232321-63002}","value":true},{"$id":"56","$type":"ProjectOptionEntry","key":"NetworkCollapsed","context":"{2232342-63030}","value":false},{"$id":"57","$type":"ProjectOptionEntry","key":"NetworkCollapsed","context":"{2232342-63029}","value":false},{"$id":"58","$type":"ProjectOptionEntry","key":"NetworkCollapsed","context":"{2232342-63031}","value":false},{"$id":"59","$type":"ProjectOptionEntry","key":"NetworkCollapsed","context":"{2232342-63028}","value":false},{"$id":"60","$type":"ProjectOptionEntry","key":"NetworkCollapsed","context":"{2232342-63032}","value":false},{"$id":"61","$type":"ProjectOptionEntry","key":"NetworkCollapsed","context":"{2232342-63033}","value":false},{"$id":"62","$type":"ProjectOptionEntry","key":"NetworkCollapsed","context":"{2232342-63034}","value":false},{"$id":"63","$type":"ProjectOptionEntry","key":"NetworkCollapsed","context":"{2232342-63035}","value":false},{"$id":"64","$type":"ProjectOptionEntry","key":"NetworkCollapsed","context":"{2232342-63036}","value":false},{"$id":"65","$type":"ProjectOptionEntry","key":"NetworkCollapsed","context":"{2232342-63037}","value":false},{"$id":"66","$type":"ProjectOptionEntry","key":"NetworkCollapsed","context":"{2232342-38685}","value":false},{"$id":"67","$type":"ProjectOptionEntry","key":"RestoreNetworkStates","context":"{2232321-38681}","value":true},{"$id":"68","$type":"ProjectOptionEntry","key":"LastSelection@Siemens.Simatic.PlcLanguages.PLFrame.BasicLanguageEditor","context":"{2232321-38681}","value":{"$id":"69","$type":"SessionState","NetworkStates":{"$id":"70","$type":"Dictionary`2","1":5},"FocusedComponent":4,"ComponentUndoState":{"$id":"71","$type":"STXSessionState","CurrentLocationX":0,"CurrentLocationY":0,"SelectionStartX":-1,"SelectionStartY":-1}}},{"$id":"72","$type":"ProjectOptionEntry","key":"LastSelection@Siemens.Simatic.PlcLanguages.SCLEditor.SCLEditorView","context":"{2232321-38819}","value":{"$id":"73","$type":"SessionDataUndo","CaretPositionRC":"0, 0"}},{"$id":"74","$type":"ProjectOptionEntry","key":"LastSelection@Siemens.Simatic.PlcLanguages.SCLEditor.SCLEditorView","context":"{2232321-63005}","value":{"$id":"75","$type":"SessionDataUndo","CaretPositionRC":"0, 0"}},{"$id":"76","$type":"ProjectOptionEntry","key":"LastSelection@Siemens.Simatic.PlcLanguages.PLFrame.BasicLanguageEditor","context":"{2232321-60886}","value":{"$id":"77","$type":"SessionState","NetworkStates":{"$id":"78","$type":"Dictionary`2","1":5},"FocusedComponent":4,"ComponentUndoState":{"$id":"79","$type":"STXSessionState","CurrentLocationX":0,"CurrentLocationY":0,"SelectionStartX":-1,"SelectionStartY":-1}}},{"$id":"80","$type":"ProjectOptionEntry","key":"LastSelection@Siemens.Simatic.PlcLanguages.SCLEditor.SCLEditorView","context":"{2232321-66160}","value":{"$id":"81","$type":"SessionDataUndo","CaretPositionRC":"0, 13"}},{"$id":"82","$type":"ProjectOptionEntry","key":"LastSelection@Siemens.Simatic.PlcLanguages.SCLEditor.SCLEditorView","context":"{2232321-38790}","value":{"$id":"83","$type":"SessionDataUndo","CaretPositionRC":"0, 0"}},{"$id":"84","$type":"ProjectOptionEntry","key":"NetworkCommentCollapsed","context":"{2232342-63034}","value":false},{"$id":"85","$type":"ProjectOptionEntry","key":"LastSelection@Siemens.Simatic.PlcLanguages.PLFrame.BasicLanguageEditor","context":"{2232321-63002}","value":{"$id":"86","$type":"SessionState","NetworkStates":{"$id":"87","$type":"Dictionary`2","2":5},"FocusedComponent":4,"ComponentUndoState":{"$id":"88","$type":"FLGViewSessionState","SelectedElements":{"$type":"String[]","$values":["<?xml version=\"1.0\" encoding=\"utf-16\"?><ConnectionElement UId=\"21\" Label=\"false\" />"]},"RelevantSettings":null}}}]}