<?xml version="1.0" encoding="utf-8"?>
<?xml-stylesheet type='text/xsl' href='ConversionLogFile.xsl'?>
<LogFile projectName="MagnetUpgrade_04_09_2024_V19" typeText="Type" messageText="Message" timeText="Time">
  <MessageCell ServiceId="80" MessageId="30" MessageClass="Information" Timestamp="9/4/2024 11:23:16 AM">
    <Number ServiceNumber="80" MessageNumber="30" />
    <Text FeedbackText="Upgrade started" />
    <Help HelpId="-1" />
  </MessageCell>
  <Details ServiceId="80" MessageId="30" Timestamp="9/4/2024 11:23:19 AM" Debug="false">
    <Text>Reorganization succeed!</Text>
  </Details>
  <MessageCell ServiceId="80" MessageId="30" MessageClass="Information" Timestamp="9/4/2024 11:23:20 AM">
    <Number ServiceNumber="80" MessageNumber="30" />
    <Text FeedbackText="CheckRepair lost+found objects" />
    <Help HelpId="-1" />
  </MessageCell>
  <Details ServiceId="80" MessageId="30" Timestamp="9/4/2024 11:23:23 AM" Debug="false">
    <Text>No error is detected.</Text>
  </Details>
  <MessageCell ServiceId="80" MessageId="30" MessageClass="Information" Timestamp="9/4/2024 11:23:23 AM">
    <Number ServiceNumber="80" MessageNumber="30" />
    <Text FeedbackText="CheckRepair missing bidirectional links" />
    <Help HelpId="-1" />
  </MessageCell>
  <Details ServiceId="80" MessageId="30" Timestamp="9/4/2024 11:23:24 AM" Debug="false">
    <Text>No error is detected.</Text>
  </Details>
  <MessageCell ServiceId="80" MessageId="30" MessageClass="Information" Timestamp="9/4/2024 11:23:25 AM">
    <Number ServiceNumber="80" MessageNumber="30" />
    <Text FeedbackText="CheckRepair clear segment flags" />
    <Help HelpId="-1" />
  </MessageCell>
  <Details ServiceId="80" MessageId="30" Timestamp="9/4/2024 11:23:25 AM" Debug="false">
    <Text>No error is detected.</Text>
  </Details>
  <MessageCell ServiceId="80" MessageId="30" MessageClass="Information" Timestamp="9/4/2024 11:23:45 AM">
    <Number ServiceNumber="80" MessageNumber="30" />
    <Text FeedbackText="A user with the required engineering right &quot;Upgrade project&quot; has logged on." />
    <Help HelpId="-1" />
  </MessageCell>
  <MessageCell ServiceId="80" MessageId="30" MessageClass="Information" Timestamp="9/4/2024 11:23:45 AM">
    <Number ServiceNumber="80" MessageNumber="30" />
    <Text FeedbackText="Removing outdated system roles." />
    <Help HelpId="-1" />
  </MessageCell>
  <MessageCell ServiceId="80" MessageId="30" MessageClass="Information" Timestamp="9/4/2024 11:23:46 AM">
    <Number ServiceNumber="80" MessageNumber="30" />
    <Text FeedbackText="The removal of outdated system roles has finished." />
    <Help HelpId="-1" />
  </MessageCell>
  <MessageCell ServiceId="80" MessageId="30" MessageClass="Information" Timestamp="9/4/2024 11:23:46 AM">
    <Number ServiceNumber="80" MessageNumber="30" />
    <Text FeedbackText="Engineering rights that are no longer supported are deleted." />
    <Help HelpId="-1" />
  </MessageCell>
  <MessageCell ServiceId="80" MessageId="30" MessageClass="Information" Timestamp="9/4/2024 11:23:46 AM">
    <Number ServiceNumber="80" MessageNumber="30" />
    <Text FeedbackText="Engineering rights that are no longer supported were deleted." />
    <Help HelpId="-1" />
  </MessageCell>
  <MessageCell ServiceId="80" MessageId="30" MessageClass="Information" Timestamp="9/4/2024 11:23:46 AM">
    <Number ServiceNumber="80" MessageNumber="30" />
    <Text FeedbackText="System-defined runtime rights are deleted." />
    <Help HelpId="-1" />
  </MessageCell>
  <MessageCell ServiceId="80" MessageId="30" MessageClass="Information" Timestamp="9/4/2024 11:23:46 AM">
    <Number ServiceNumber="80" MessageNumber="30" />
    <Text FeedbackText="Deletion of system runtime rights was completed." />
    <Help HelpId="-1" />
  </MessageCell>
  <MessageCell ServiceId="80" MessageId="30" MessageClass="Information" Timestamp="9/4/2024 11:23:46 AM">
    <Number ServiceNumber="80" MessageNumber="30" />
    <Text FeedbackText="Starting change link between DFR and DFRSet" />
    <Help HelpId="-1" />
  </MessageCell>
  <MessageCell ServiceId="80" MessageId="30" MessageClass="Information" Timestamp="9/4/2024 11:23:46 AM">
    <Number ServiceNumber="80" MessageNumber="30" />
    <Text FeedbackText="Finished change link between DFR and DFRSet" />
    <Help HelpId="-1" />
  </MessageCell>
  <MessageCell ServiceId="80" MessageId="30" MessageClass="Information" Timestamp="9/4/2024 11:23:46 AM">
    <Number ServiceNumber="80" MessageNumber="30" />
    <Text FeedbackText="Starting data conversion workflow for umac entities i.e. System Role, EFR &amp; DFR" />
    <Help HelpId="-1" />
  </MessageCell>
  <MessageCell ServiceId="80" MessageId="30" MessageClass="Information" Timestamp="9/4/2024 11:23:46 AM">
    <Number ServiceNumber="80" MessageNumber="30" />
    <Text FeedbackText="Finished data conversion workflow for umac entities i.e. System Role, EFR &amp; DFR" />
    <Help HelpId="-1" />
  </MessageCell>
  <Details ServiceId="80" MessageId="30" Timestamp="9/4/2024 11:23:49 AM" Debug="false">
    <Text>HmiConvert: Started conversion section.</Text>
  </Details>
  <Details ServiceId="80" MessageId="30" Timestamp="9/4/2024 11:23:49 AM" Debug="false">
    <Text>HmiConvert: Starting conversion step &lt;Siemens.Simatic.Hmi.Device.DeviceManagers.Scan:Siemens.Simatic.Hmi.Utah.Device.Upgrade.DeviceConverter.ConvertHmiDeviceToV19&gt;.</Text>
  </Details>
  <Details ServiceId="80" MessageId="30" Timestamp="9/4/2024 11:23:49 AM" Debug="false">
    <Text>HmiConvert: Finished conversion step &lt;Siemens.Simatic.Hmi.Device.DeviceManagers.Scan:Siemens.Simatic.Hmi.Utah.Device.Upgrade.DeviceConverter.ConvertHmiDeviceToV19&gt;.</Text>
  </Details>
  <Details ServiceId="80" MessageId="30" Timestamp="9/4/2024 11:23:49 AM" Debug="false">
    <Text>HmiConvert: Starting conversion step &lt;Siemens.Simatic.Hmi.Theming.Managers.Scan:Siemens.Simatic.Hmi.Utah.Theming.HmiThemeConverter.UpdateHmiDeviceThemeSettingsForV19&gt;.</Text>
  </Details>
  <Details ServiceId="80" MessageId="30" Timestamp="9/4/2024 11:23:56 AM" Debug="false">
    <Text>HmiConvert: Finished conversion step &lt;Siemens.Simatic.Hmi.Theming.Managers.Scan:Siemens.Simatic.Hmi.Utah.Theming.HmiThemeConverter.UpdateHmiDeviceThemeSettingsForV19&gt;.</Text>
  </Details>
  <Details ServiceId="80" MessageId="30" Timestamp="9/4/2024 11:23:56 AM" Debug="false">
    <Text>HmiConvert: Starting conversion step &lt;Siemens.Simatic.Hmi.ScreenModules.Managers.Scan:Siemens.Simatic.Hmi.Utah.Modules.ScreenModules.PhaseConverter.BlockUpgradeForC0013Error&gt;.</Text>
  </Details>
  <Details ServiceId="80" MessageId="30" Timestamp="9/4/2024 11:23:56 AM" Debug="false">
    <Text>HmiConvert: Finished conversion step &lt;Siemens.Simatic.Hmi.ScreenModules.Managers.Scan:Siemens.Simatic.Hmi.Utah.Modules.ScreenModules.PhaseConverter.BlockUpgradeForC0013Error&gt;.</Text>
  </Details>
  <Details ServiceId="80" MessageId="30" Timestamp="9/4/2024 11:23:56 AM" Debug="false">
    <Text>HmiConvert: Starting conversion step &lt;Siemens.Simatic.Hmi.ScreenModules.Managers.Scan:Siemens.Simatic.Hmi.Utah.Modules.ScreenModules.OrphanedInterfaceConnection.Repair&gt;.</Text>
  </Details>
  <Details ServiceId="80" MessageId="30" Timestamp="9/4/2024 11:23:56 AM" Debug="false">
    <Text>HmiConvert: Finished conversion step &lt;Siemens.Simatic.Hmi.ScreenModules.Managers.Scan:Siemens.Simatic.Hmi.Utah.Modules.ScreenModules.OrphanedInterfaceConnection.Repair&gt;.</Text>
  </Details>
  <Details ServiceId="80" MessageId="30" Timestamp="9/4/2024 11:23:56 AM" Debug="false">
    <Text>HmiConvert: Starting conversion step &lt;Siemens.Simatic.Hmi.BL.Alarm.OpcUa:Siemens.Simatic.Hmi.BL.Alarm.OpcUa.Convert.OpcUaAlarmConverter.CreateMultiInstanceAlarmForOpcUaAlarmType&gt;.</Text>
  </Details>
  <Details ServiceId="80" MessageId="30" Timestamp="9/4/2024 11:23:56 AM" Debug="false">
    <Text>HmiConvert: Finished conversion step &lt;Siemens.Simatic.Hmi.BL.Alarm.OpcUa:Siemens.Simatic.Hmi.BL.Alarm.OpcUa.Convert.OpcUaAlarmConverter.CreateMultiInstanceAlarmForOpcUaAlarmType&gt;.</Text>
  </Details>
  <Details ServiceId="80" MessageId="30" Timestamp="9/4/2024 11:23:56 AM" Debug="false">
    <Text>HmiConvert: Starting conversion step &lt;Siemens.Simatic.Hmi.Globalization.Managers.Scan:Siemens.Simatic.Hmi.Utah.Globalization.TextRepairForConvert.TextsRepairInCoreLevelFromAnyVersionToV19&gt;.</Text>
  </Details>
  <Details ServiceId="80" MessageId="30" Timestamp="9/4/2024 11:23:56 AM" Debug="false">
    <Text>HmiConvert: Finished conversion step &lt;Siemens.Simatic.Hmi.Globalization.Managers.Scan:Siemens.Simatic.Hmi.Utah.Globalization.TextRepairForConvert.TextsRepairInCoreLevelFromAnyVersionToV19&gt;.</Text>
  </Details>
  <Details ServiceId="80" MessageId="30" Timestamp="9/4/2024 11:23:56 AM" Debug="false">
    <Text>HmiConvert: Starting conversion step &lt;Siemens.Simatic.Hmi.Globalization.Managers.Scan:Siemens.Simatic.Hmi.Utah.Globalization.NotUsedTextCategoryDeleter.DeleteNotUsedTextCategories&gt;.</Text>
  </Details>
  <Details ServiceId="80" MessageId="30" Timestamp="9/4/2024 11:23:57 AM" Debug="false">
    <Text>HmiConvert: Finished conversion step &lt;Siemens.Simatic.Hmi.Globalization.Managers.Scan:Siemens.Simatic.Hmi.Utah.Globalization.NotUsedTextCategoryDeleter.DeleteNotUsedTextCategories&gt;.</Text>
  </Details>
  <Details ServiceId="80" MessageId="30" Timestamp="9/4/2024 11:23:57 AM" Debug="false">
    <Text>HmiConvert: Starting conversion step &lt;Siemens.Simatic.Hmi.GraphX.GraphXManagers.Scan:Siemens.Simatic.Hmi.Utah.GraphX.PhaseConverter.RemoveInvisibleSoftkeysConverter&gt;.</Text>
  </Details>
  <Details ServiceId="80" MessageId="30" Timestamp="9/4/2024 11:23:57 AM" Debug="false">
    <Text>HmiConvert: Finished conversion step &lt;Siemens.Simatic.Hmi.GraphX.GraphXManagers.Scan:Siemens.Simatic.Hmi.Utah.GraphX.PhaseConverter.RemoveInvisibleSoftkeysConverter&gt;.</Text>
  </Details>
  <Details ServiceId="80" MessageId="30" Timestamp="9/4/2024 11:23:57 AM" Debug="false">
    <Text>HmiConvert: Starting conversion step &lt;Siemens.Simatic.Hmi.GraphX.GraphXManagers.Scan:Siemens.Simatic.Hmi.Utah.GraphX.PhaseConverter.RemoveDuplicateSoftKeysConverter&gt;.</Text>
  </Details>
  <Details ServiceId="80" MessageId="30" Timestamp="9/4/2024 11:23:57 AM" Debug="false">
    <Text>HmiConvert: Finished conversion step &lt;Siemens.Simatic.Hmi.GraphX.GraphXManagers.Scan:Siemens.Simatic.Hmi.Utah.GraphX.PhaseConverter.RemoveDuplicateSoftKeysConverter&gt;.</Text>
  </Details>
  <Details ServiceId="80" MessageId="30" Timestamp="9/4/2024 11:23:57 AM" Debug="false">
    <Text>HmiConvert: Starting conversion step &lt;Siemens.Simatic.Hmi.GraphX.GraphXManagers.Scan:Siemens.Simatic.Hmi.Utah.GraphX.ChainedListConverter.ConvertFixScreenChainedList&gt;.</Text>
  </Details>
  <Details ServiceId="80" MessageId="30" Timestamp="9/4/2024 11:23:57 AM" Debug="false">
    <Text>HmiConvert: Finished conversion step &lt;Siemens.Simatic.Hmi.GraphX.GraphXManagers.Scan:Siemens.Simatic.Hmi.Utah.GraphX.ChainedListConverter.ConvertFixScreenChainedList&gt;.</Text>
  </Details>
  <Details ServiceId="80" MessageId="30" Timestamp="9/4/2024 11:23:57 AM" Debug="false">
    <Text>HmiConvert: Starting conversion step &lt;Siemens.Simatic.Hmi.GraphX.GraphXManagers.Scan:Siemens.Simatic.Hmi.Utah.GraphX.PhaseConverter.RepairPointsCollectionOfScreenItems&gt;.</Text>
  </Details>
  <Details ServiceId="80" MessageId="30" Timestamp="9/4/2024 11:23:57 AM" Debug="false">
    <Text>HmiConvert: Finished conversion step &lt;Siemens.Simatic.Hmi.GraphX.GraphXManagers.Scan:Siemens.Simatic.Hmi.Utah.GraphX.PhaseConverter.RepairPointsCollectionOfScreenItems&gt;.</Text>
  </Details>
  <Details ServiceId="80" MessageId="30" Timestamp="9/4/2024 11:23:57 AM" Debug="false">
    <Text>HmiConvert: Starting conversion step &lt;Siemens.Simatic.Hmi.BL.ModernUI:Siemens.Simatic.Hmi.BL.ModernUI.Convert.ScreenItemPhaseConverter.AdaptModel&gt;.</Text>
  </Details>
  <Details ServiceId="80" MessageId="30" Timestamp="9/4/2024 11:23:57 AM" Debug="false">
    <Text>HmiConvert: Finished conversion step &lt;Siemens.Simatic.Hmi.BL.ModernUI:Siemens.Simatic.Hmi.BL.ModernUI.Convert.ScreenItemPhaseConverter.AdaptModel&gt;.</Text>
  </Details>
  <Details ServiceId="80" MessageId="30" Timestamp="9/4/2024 11:23:57 AM" Debug="false">
    <Text>HmiConvert: Starting conversion step &lt;Siemens.Simatic.Hmi.Globalization.Managers.Scan:Siemens.Simatic.Hmi.Utah.Globalization.DynamicScreenItemResourceDataRepair.DynamicResourceDataRepair&gt;.</Text>
  </Details>
  <Details ServiceId="80" MessageId="30" Timestamp="9/4/2024 11:23:57 AM" Debug="false">
    <Text>HmiConvert: Finished conversion step &lt;Siemens.Simatic.Hmi.Globalization.Managers.Scan:Siemens.Simatic.Hmi.Utah.Globalization.DynamicScreenItemResourceDataRepair.DynamicResourceDataRepair&gt;.</Text>
  </Details>
  <Details ServiceId="80" MessageId="30" Timestamp="9/4/2024 11:23:57 AM" Debug="false">
    <Text>HmiConvert: Starting conversion step &lt;Siemens.Simatic.Hmi.BL.ColorPalette.Scan:Siemens.Simatic.Hmi.BL.ColorPalette.Convert.CreateCentralColorPaletteForUnifiedDevicesV19.CreateCentralColorPalette&gt;.</Text>
  </Details>
  <Details ServiceId="80" MessageId="30" Timestamp="9/4/2024 11:23:57 AM" Debug="false">
    <Text>HmiConvert: Finished conversion step &lt;Siemens.Simatic.Hmi.BL.ColorPalette.Scan:Siemens.Simatic.Hmi.BL.ColorPalette.Convert.CreateCentralColorPaletteForUnifiedDevicesV19.CreateCentralColorPalette&gt;.</Text>
  </Details>
  <Details ServiceId="80" MessageId="30" Timestamp="9/4/2024 11:23:57 AM" Debug="false">
    <Text>HmiConvert: Starting conversion step &lt;Siemens.Simatic.Hmi.Globalization.Managers.Scan:Siemens.Simatic.Hmi.Utah.Globalization.TextCategoryConvertV18.ReplaceTextCategoryWithFormattedTextCategoryInConvert&gt;.</Text>
  </Details>
  <Details ServiceId="80" MessageId="30" Timestamp="9/4/2024 11:23:57 AM" Debug="false">
    <Text>HmiConvert: Finished conversion step &lt;Siemens.Simatic.Hmi.Globalization.Managers.Scan:Siemens.Simatic.Hmi.Utah.Globalization.TextCategoryConvertV18.ReplaceTextCategoryWithFormattedTextCategoryInConvert&gt;.</Text>
  </Details>
  <Details ServiceId="80" MessageId="30" Timestamp="9/4/2024 11:23:57 AM" Debug="false">
    <Text>HmiConvert: Starting conversion step &lt;Siemens.Simatic.Hmi.Device.DeviceManagers.Scan:Siemens.Simatic.Hmi.Utah.Device.Upgrade.DeviceConverter.ConvertRuntimeSettingServicesToV19&gt;.</Text>
  </Details>
  <Details ServiceId="80" MessageId="30" Timestamp="9/4/2024 11:23:57 AM" Debug="false">
    <Text>HmiConvert: Finished conversion step &lt;Siemens.Simatic.Hmi.Device.DeviceManagers.Scan:Siemens.Simatic.Hmi.Utah.Device.Upgrade.DeviceConverter.ConvertRuntimeSettingServicesToV19&gt;.</Text>
  </Details>
  <Details ServiceId="80" MessageId="30" Timestamp="9/4/2024 11:23:57 AM" Debug="false">
    <Text>HmiConvert: Starting conversion step &lt;Siemens.Simatic.Hmi.Globalization.Managers.Scan:Siemens.Simatic.Hmi.Utah.Globalization.TextRepairForConvert.TextCategoryRepairInHmiBusinessLogicLevel&gt;.</Text>
  </Details>
  <Details ServiceId="80" MessageId="30" Timestamp="9/4/2024 11:23:58 AM" Debug="false">
    <Text>HmiConvert: Finished conversion step &lt;Siemens.Simatic.Hmi.Globalization.Managers.Scan:Siemens.Simatic.Hmi.Utah.Globalization.TextRepairForConvert.TextCategoryRepairInHmiBusinessLogicLevel&gt;.</Text>
  </Details>
  <Details ServiceId="80" MessageId="30" Timestamp="9/4/2024 11:23:58 AM" Debug="false">
    <Text>HmiConvert: Starting conversion step &lt;Siemens.Simatic.Hmi.ScreenModules.Managers.Scan:Siemens.Simatic.Hmi.Utah.Modules.ScreenModules.PhaseConverterWithHmiBl.RepairInstanceKeyCache&gt;.</Text>
  </Details>
  <Details ServiceId="80" MessageId="30" Timestamp="9/4/2024 11:23:58 AM" Debug="false">
    <Text>HmiConvert: Finished conversion step &lt;Siemens.Simatic.Hmi.ScreenModules.Managers.Scan:Siemens.Simatic.Hmi.Utah.Modules.ScreenModules.PhaseConverterWithHmiBl.RepairInstanceKeyCache&gt;.</Text>
  </Details>
  <Details ServiceId="80" MessageId="30" Timestamp="9/4/2024 11:23:58 AM" Debug="false">
    <Text>HmiConvert: Starting conversion step &lt;Siemens.Simatic.Hmi.ScreenModules.Managers.Scan:Siemens.Simatic.Hmi.Utah.Modules.ScreenModules.PhaseConverterWithHmiBl.RepairDuplicateInterfacePropertyIds&gt;.</Text>
  </Details>
  <Details ServiceId="80" MessageId="30" Timestamp="9/4/2024 11:23:58 AM" Debug="false">
    <Text>HmiConvert: Finished conversion step &lt;Siemens.Simatic.Hmi.ScreenModules.Managers.Scan:Siemens.Simatic.Hmi.Utah.Modules.ScreenModules.PhaseConverterWithHmiBl.RepairDuplicateInterfacePropertyIds&gt;.</Text>
  </Details>
  <Details ServiceId="80" MessageId="30" Timestamp="9/4/2024 11:23:58 AM" Debug="false">
    <Text>HmiConvert: Starting conversion step &lt;Siemens.Simatic.Hmi.GraphX.GraphXManagers.Scan:Siemens.Simatic.Hmi.Utah.GraphX.PhaseConverter.RepairFontOfGroups&gt;.</Text>
  </Details>
  <Details ServiceId="80" MessageId="30" Timestamp="9/4/2024 11:23:58 AM" Debug="false">
    <Text>HmiConvert: Finished conversion step &lt;Siemens.Simatic.Hmi.GraphX.GraphXManagers.Scan:Siemens.Simatic.Hmi.Utah.GraphX.PhaseConverter.RepairFontOfGroups&gt;.</Text>
  </Details>
  <Details ServiceId="80" MessageId="30" Timestamp="9/4/2024 11:23:58 AM" Debug="false">
    <Text>HmiConvert: Starting conversion step &lt;Siemens.Simatic.Hmi.Styles.Managers.Scan:Siemens.Simatic.Hmi.Utah.Styles.HmiStyleConverter.RepairStylesAfterConvert&gt;.</Text>
  </Details>
  <Details ServiceId="80" MessageId="30" Timestamp="9/4/2024 11:23:59 AM" Debug="false">
    <Text>HmiConvert: Finished conversion step &lt;Siemens.Simatic.Hmi.Styles.Managers.Scan:Siemens.Simatic.Hmi.Utah.Styles.HmiStyleConverter.RepairStylesAfterConvert&gt;.</Text>
  </Details>
  <Details ServiceId="80" MessageId="30" Timestamp="9/4/2024 11:23:59 AM" Debug="false">
    <Text>HmiConvert: Starting conversion step &lt;Siemens.Simatic.Hmi.BL.FaceplateLib:Siemens.Simatic.Hmi.BL.FaceplateLib.Convert.ConvertFromV18.ConvertMinimumTargetDeviceVersion&gt;.</Text>
  </Details>
  <Details ServiceId="80" MessageId="30" Timestamp="9/4/2024 11:23:59 AM" Debug="false">
    <Text>HmiConvert: Finished conversion step &lt;Siemens.Simatic.Hmi.BL.FaceplateLib:Siemens.Simatic.Hmi.BL.FaceplateLib.Convert.ConvertFromV18.ConvertMinimumTargetDeviceVersion&gt;.</Text>
  </Details>
  <Details ServiceId="80" MessageId="30" Timestamp="9/4/2024 11:23:59 AM" Debug="false">
    <Text>HmiConvert: Starting conversion step &lt;Siemens.Simatic.Hmi.BL.ScriptModuleLib:Siemens.Simatic.Hmi.BL.ScriptModuleLib.Convert.ConvertFromV18.ConvertMinimumTargetDeviceVersion&gt;.</Text>
  </Details>
  <Details ServiceId="80" MessageId="30" Timestamp="9/4/2024 11:23:59 AM" Debug="false">
    <Text>HmiConvert: Finished conversion step &lt;Siemens.Simatic.Hmi.BL.ScriptModuleLib:Siemens.Simatic.Hmi.BL.ScriptModuleLib.Convert.ConvertFromV18.ConvertMinimumTargetDeviceVersion&gt;.</Text>
  </Details>
  <Details ServiceId="80" MessageId="30" Timestamp="9/4/2024 11:23:59 AM" Debug="false">
    <Text>HmiConvert: Starting conversion step &lt;Siemens.Simatic.Hmi.BL.DynamicSVGLib:Siemens.Simatic.Hmi.BL.DynamicSVGLib.Convert.ConvertFromV18.ConvertMinimumTargetDeviceVersion&gt;.</Text>
  </Details>
  <Details ServiceId="80" MessageId="30" Timestamp="9/4/2024 11:23:59 AM" Debug="false">
    <Text>HmiConvert: Finished conversion step &lt;Siemens.Simatic.Hmi.BL.DynamicSVGLib:Siemens.Simatic.Hmi.BL.DynamicSVGLib.Convert.ConvertFromV18.ConvertMinimumTargetDeviceVersion&gt;.</Text>
  </Details>
  <Details ServiceId="80" MessageId="30" Timestamp="9/4/2024 11:23:59 AM" Debug="false">
    <Text>HmiConvert: Starting conversion step &lt;Siemens.Simatic.Hmi.BL.Scheduler.Scan:Siemens.Simatic.Hmi.BL.Scheduler.CheckRepair.ProjectUpgrades.ActionUpgrade.Repair&gt;.</Text>
  </Details>
  <Details ServiceId="80" MessageId="30" Timestamp="9/4/2024 11:23:59 AM" Debug="false">
    <Text>HmiConvert: Finished conversion step &lt;Siemens.Simatic.Hmi.BL.Scheduler.Scan:Siemens.Simatic.Hmi.BL.Scheduler.CheckRepair.ProjectUpgrades.ActionUpgrade.Repair&gt;.</Text>
  </Details>
  <Details ServiceId="80" MessageId="30" Timestamp="9/4/2024 11:23:59 AM" Debug="false">
    <Text>HmiConvert: Starting conversion step &lt;Siemens.Simatic.Hmi.BL.ModernUI:Siemens.Simatic.Hmi.BL.ModernUI.CheckRepair.ProjectUpgrades.ActionUpgrade.Repair&gt;.</Text>
  </Details>
  <Details ServiceId="80" MessageId="30" Timestamp="9/4/2024 11:23:59 AM" Debug="false">
    <Text>HmiConvert: Finished conversion step &lt;Siemens.Simatic.Hmi.BL.ModernUI:Siemens.Simatic.Hmi.BL.ModernUI.CheckRepair.ProjectUpgrades.ActionUpgrade.Repair&gt;.</Text>
  </Details>
  <Details ServiceId="80" MessageId="30" Timestamp="9/4/2024 11:23:59 AM" Debug="false">
    <Text>HmiConvert: Starting conversion step &lt;Siemens.Simatic.Hmi.BL.ModernUI:Siemens.Simatic.Hmi.BL.ModernUI.Convert.BitSelectionforTagDynamizationConverter.UpdateBitSelectionForTagDynamizationReferences&gt;.</Text>
  </Details>
  <Details ServiceId="80" MessageId="30" Timestamp="9/4/2024 11:23:59 AM" Debug="false">
    <Text>HmiConvert: Finished conversion step &lt;Siemens.Simatic.Hmi.BL.ModernUI:Siemens.Simatic.Hmi.BL.ModernUI.Convert.BitSelectionforTagDynamizationConverter.UpdateBitSelectionForTagDynamizationReferences&gt;.</Text>
  </Details>
  <Details ServiceId="80" MessageId="30" Timestamp="9/4/2024 11:23:59 AM" Debug="false">
    <Text>HmiConvert: Starting conversion step &lt;Siemens.Simatic.Hmi.BL.FaceplateLib:Siemens.Simatic.Hmi.BL.FaceplateLib.Convert.RepairDependsOnRelation.Convert&gt;.</Text>
  </Details>
  <Details ServiceId="80" MessageId="30" Timestamp="9/4/2024 11:23:59 AM" Debug="false">
    <Text>HmiConvert: Finished conversion step &lt;Siemens.Simatic.Hmi.BL.FaceplateLib:Siemens.Simatic.Hmi.BL.FaceplateLib.Convert.RepairDependsOnRelation.Convert&gt;.</Text>
  </Details>
  <Details ServiceId="80" MessageId="30" Timestamp="9/4/2024 11:23:59 AM" Debug="false">
    <Text>HmiConvert: Starting conversion step &lt;Siemens.Simatic.Hmi.Alarm.Managers.Scan:Siemens.Simatic.Hmi.Utah.Alarm.AlarmPartnerIdConverter.RepairPartnerId&gt;.</Text>
  </Details>
  <Details ServiceId="80" MessageId="30" Timestamp="9/4/2024 11:23:59 AM" Debug="false">
    <Text>HmiConvert: Finished conversion step &lt;Siemens.Simatic.Hmi.Alarm.Managers.Scan:Siemens.Simatic.Hmi.Utah.Alarm.AlarmPartnerIdConverter.RepairPartnerId&gt;.</Text>
  </Details>
  <Details ServiceId="80" MessageId="30" Timestamp="9/4/2024 11:23:59 AM" Debug="false">
    <Text>HmiConvert: Starting conversion step &lt;Siemens.Simatic.Hmi.BL.ILDevice.HmiILProcessDiagnosticsRuntimeSettings.Scan:Siemens.Simatic.Hmi.BL.ILDevice.HmiILProcessDiagnosticsRuntimeSettings.HmiProcessDiagnosticsRuntimeSettingsConverter.CreateProcessDiagnosticsRuntimeSettings&gt;.</Text>
  </Details>
  <Details ServiceId="80" MessageId="30" Timestamp="9/4/2024 11:23:59 AM" Debug="false">
    <Text>HmiConvert: Finished conversion step &lt;Siemens.Simatic.Hmi.BL.ILDevice.HmiILProcessDiagnosticsRuntimeSettings.Scan:Siemens.Simatic.Hmi.BL.ILDevice.HmiILProcessDiagnosticsRuntimeSettings.HmiProcessDiagnosticsRuntimeSettingsConverter.CreateProcessDiagnosticsRuntimeSettings&gt;.</Text>
  </Details>
  <Details ServiceId="80" MessageId="30" Timestamp="9/4/2024 11:23:59 AM" Debug="false">
    <Text>HmiConvert: Starting conversion step &lt;Siemens.Simatic.Hmi.BL.Umac:Siemens.Simatic.Hmi.BL.Umac.Convert.UpdateMaxLoginRuntimeSettingsOfHmiILDevices.UpdateMaxLoginRuntimeSettings&gt;.</Text>
  </Details>
  <Details ServiceId="80" MessageId="30" Timestamp="9/4/2024 11:23:59 AM" Debug="false">
    <Text>HmiConvert: Finished conversion step &lt;Siemens.Simatic.Hmi.BL.Umac:Siemens.Simatic.Hmi.BL.Umac.Convert.UpdateMaxLoginRuntimeSettingsOfHmiILDevices.UpdateMaxLoginRuntimeSettings&gt;.</Text>
  </Details>
  <Details ServiceId="80" MessageId="30" Timestamp="9/4/2024 11:23:59 AM" Debug="false">
    <Text>HmiConvert: Starting conversion step &lt;Siemens.Simatic.Hmi.BL.ModernUI:Siemens.Simatic.Hmi.BL.ModernUI.Convert.FaceplateImageLibDependsOnConverter.RepairDependsOnRelations&gt;.</Text>
  </Details>
  <Details ServiceId="80" MessageId="30" Timestamp="9/4/2024 11:23:59 AM" Debug="false">
    <Text>HmiConvert: Finished conversion step &lt;Siemens.Simatic.Hmi.BL.ModernUI:Siemens.Simatic.Hmi.BL.ModernUI.Convert.FaceplateImageLibDependsOnConverter.RepairDependsOnRelations&gt;.</Text>
  </Details>
  <Details ServiceId="80" MessageId="30" Timestamp="9/4/2024 11:23:59 AM" Debug="false">
    <Text>HmiConvert is waiting for external dependency: Siemens.Simatic.Lang.SPLConvert</Text>
  </Details>
  <Details ServiceId="80" MessageId="30" Timestamp="9/4/2024 11:24:11 AM" Debug="false">
    <Text>HmiConvert: Started conversion section.</Text>
  </Details>
  <Details ServiceId="80" MessageId="30" Timestamp="9/4/2024 11:24:11 AM" Debug="false">
    <Text>HmiConvert: Starting conversion step &lt;Siemens.Simatic.Hmi.Tag.Managers.Scan:Siemens.Simatic.Hmi.Utah.Tag.RootTagConvertSynchronization.ResynchronizeRootTag&gt;.</Text>
  </Details>
  <Details ServiceId="80" MessageId="30" Timestamp="9/4/2024 11:24:11 AM" Debug="false">
    <Text>HmiConvert: Finished conversion step &lt;Siemens.Simatic.Hmi.Tag.Managers.Scan:Siemens.Simatic.Hmi.Utah.Tag.RootTagConvertSynchronization.ResynchronizeRootTag&gt;.</Text>
  </Details>
  <Details ServiceId="80" MessageId="30" Timestamp="9/4/2024 11:24:11 AM" Debug="false">
    <Text>HmiConvert: Starting conversion step &lt;Siemens.Simatic.Hmi.Tag.Managers.Scan:Siemens.Simatic.Hmi.Utah.Tag.ConsistentAndCompiledStateConverter.InitializeOrRepairPlcObjectConsistentAndCompiledState&gt;.</Text>
  </Details>
  <Details ServiceId="80" MessageId="30" Timestamp="9/4/2024 11:24:11 AM" Debug="false">
    <Text>HmiConvert: Finished conversion step &lt;Siemens.Simatic.Hmi.Tag.Managers.Scan:Siemens.Simatic.Hmi.Utah.Tag.ConsistentAndCompiledStateConverter.InitializeOrRepairPlcObjectConsistentAndCompiledState&gt;.</Text>
  </Details>
  <Details ServiceId="80" MessageId="30" Timestamp="9/4/2024 11:24:11 AM" Debug="false">
    <Text>HmiConvert: Starting conversion step &lt;Siemens.Simatic.Hmi.BL.Scripting.Scan:Siemens.Simatic.Hmi.BL.Scripting.Migrations.ScriptEmbeddedWrongModuleHandler.Convert&gt;.</Text>
  </Details>
  <Details ServiceId="80" MessageId="30" Timestamp="9/4/2024 11:24:11 AM" Debug="false">
    <Text>HmiConvert: Finished conversion step &lt;Siemens.Simatic.Hmi.BL.Scripting.Scan:Siemens.Simatic.Hmi.BL.Scripting.Migrations.ScriptEmbeddedWrongModuleHandler.Convert&gt;.</Text>
  </Details>
  <Details ServiceId="80" MessageId="30" Timestamp="9/4/2024 11:24:11 AM" Debug="false">
    <Text>HmiConvert: Starting conversion step &lt;Siemens.Simatic.Hmi.BL.SystemFunctions.Scan:Siemens.Simatic.Hmi.BL.SystemFunctions.Convert.FunctionListWrongModuleHandler.Convert&gt;.</Text>
  </Details>
  <Details ServiceId="80" MessageId="30" Timestamp="9/4/2024 11:24:11 AM" Debug="false">
    <Text>HmiConvert: Finished conversion step &lt;Siemens.Simatic.Hmi.BL.SystemFunctions.Scan:Siemens.Simatic.Hmi.BL.SystemFunctions.Convert.FunctionListWrongModuleHandler.Convert&gt;.</Text>
  </Details>
  <Details ServiceId="80" MessageId="30" Timestamp="9/4/2024 11:24:11 AM" Debug="false">
    <Text>HmiConvert: Starting conversion step &lt;Siemens.Simatic.Hmi.Alarm.Managers.Scan:Siemens.Simatic.Hmi.Utah.Alarm.AlarmDataConverterWithHmiBl.ConvertTagBitCombinationForILDevices&gt;.</Text>
  </Details>
  <Details ServiceId="80" MessageId="30" Timestamp="9/4/2024 11:24:11 AM" Debug="false">
    <Text>HmiConvert: Finished conversion step &lt;Siemens.Simatic.Hmi.Alarm.Managers.Scan:Siemens.Simatic.Hmi.Utah.Alarm.AlarmDataConverterWithHmiBl.ConvertTagBitCombinationForILDevices&gt;.</Text>
  </Details>
  <Details ServiceId="80" MessageId="30" Timestamp="9/4/2024 11:24:11 AM" Debug="false">
    <Text>HmiConvert: Starting conversion step &lt;Siemens.Simatic.Hmi.BL.FaceplateLib:Siemens.Simatic.Hmi.BL.FaceplateLib.Convert.RepairFaceplateInterfaceTagPropertiesUnifiedUdts.Convert&gt;.</Text>
  </Details>
  <Details ServiceId="80" MessageId="30" Timestamp="9/4/2024 11:24:11 AM" Debug="false">
    <Text>HmiConvert: Finished conversion step &lt;Siemens.Simatic.Hmi.BL.FaceplateLib:Siemens.Simatic.Hmi.BL.FaceplateLib.Convert.RepairFaceplateInterfaceTagPropertiesUnifiedUdts.Convert&gt;.</Text>
  </Details>
  <Details ServiceId="80" MessageId="30" Timestamp="9/4/2024 11:24:11 AM" Debug="false">
    <Text>HmiConvert: Starting conversion step &lt;Siemens.Simatic.Hmi.Globalization.Managers.Scan:Siemens.Simatic.Hmi.Utah.Globalization.FontConvert.RepairCrossEnvironmentLinksViaHmiBl&gt;.</Text>
  </Details>
  <Details ServiceId="80" MessageId="30" Timestamp="9/4/2024 11:24:11 AM" Debug="false">
    <Text>HmiConvert: Finished conversion step &lt;Siemens.Simatic.Hmi.Globalization.Managers.Scan:Siemens.Simatic.Hmi.Utah.Globalization.FontConvert.RepairCrossEnvironmentLinksViaHmiBl&gt;.</Text>
  </Details>
  <Details ServiceId="80" MessageId="30" Timestamp="9/4/2024 11:24:11 AM" Debug="false">
    <Text>HmiConvert: Starting conversion step &lt;Siemens.Simatic.Hmi.BL.ILStyles:Siemens.Simatic.Hmi.BL.ILStyles.Convert.ReferenceExpandoAttributesConverter.Convert&gt;.</Text>
  </Details>
  <Details ServiceId="80" MessageId="30" Timestamp="9/4/2024 11:24:11 AM" Debug="false">
    <Text>HmiConvert: Finished conversion step &lt;Siemens.Simatic.Hmi.BL.ILStyles:Siemens.Simatic.Hmi.BL.ILStyles.Convert.ReferenceExpandoAttributesConverter.Convert&gt;.</Text>
  </Details>
  <Details ServiceId="80" MessageId="30" Timestamp="9/4/2024 11:24:11 AM" Debug="false">
    <Text>HmiConvert: Starting conversion step &lt;Siemens.Simatic.Hmi.BL.ILDevice.HmiRuntimeResourceSettings.Scan:Siemens.Simatic.Hmi.BL.ILDevice.HmiRuntimeResourceSettings.HmiRuntimeResourceSettingsConverter.CreateRuntimeResourceSettings&gt;.</Text>
  </Details>
  <Details ServiceId="80" MessageId="30" Timestamp="9/4/2024 11:24:11 AM" Debug="false">
    <Text>HmiConvert: Finished conversion step &lt;Siemens.Simatic.Hmi.BL.ILDevice.HmiRuntimeResourceSettings.Scan:Siemens.Simatic.Hmi.BL.ILDevice.HmiRuntimeResourceSettings.HmiRuntimeResourceSettingsConverter.CreateRuntimeResourceSettings&gt;.</Text>
  </Details>
  <Details ServiceId="80" MessageId="30" Timestamp="9/4/2024 11:24:11 AM" Debug="false">
    <Text>HmiConvert: Finished conversion section.</Text>
  </Details>
  <MessageCell ServiceId="80" MessageId="30" MessageClass="Information" Timestamp="9/4/2024 11:24:14 AM">
    <Number ServiceNumber="80" MessageNumber="30" />
    <Text FeedbackText="The cross-reference information is being converted." />
    <Help HelpId="-1" />
  </MessageCell>
  <MessageCell ServiceId="80" MessageId="30" MessageClass="Information" Timestamp="9/4/2024 11:24:16 AM">
    <Number ServiceNumber="80" MessageNumber="30" />
    <Text FeedbackText="The cross-reference information was created successfully." />
    <Help HelpId="-1" />
  </MessageCell>
  <MessageCell ServiceId="80" MessageId="30" MessageClass="Information" Timestamp="9/4/2024 11:24:16 AM">
    <Number ServiceNumber="80" MessageNumber="30" />
    <Text FeedbackText="Conversion of the cross-reference information is finished." />
    <Help HelpId="-1" />
  </MessageCell>
  <Details ServiceId="80" MessageId="30" Timestamp="9/4/2024 11:24:17 AM" Debug="false">
    <Text>Package container 'Siemens.Simatic.Safety.Option_V18SP1' was deleted</Text>
  </Details>
  <Details ServiceId="80" MessageId="30" Timestamp="9/4/2024 11:24:17 AM" Debug="false">
    <Text>Package container 'HW.S71500.AI.Modules.MDD_6ES7531-7MH00-0AB0_V1.0_16.0.0' was deleted</Text>
  </Details>
  <Details ServiceId="80" MessageId="30" Timestamp="9/4/2024 11:24:17 AM" Debug="false">
    <Text>Package container 'HW.S71500.DO.Modules.MDD_6ES7522-1BH10-0AA0_V1.1_15.0.10' was deleted</Text>
  </Details>
  <Details ServiceId="80" MessageId="30" Timestamp="9/4/2024 11:24:17 AM" Debug="false">
    <Text>Package container 'HW.S71500.DI.Modules.MDD_6ES7521-1BH10-0AA0_V1.1_15.0.10' was deleted</Text>
  </Details>
  <Details ServiceId="80" MessageId="30" Timestamp="9/4/2024 11:24:17 AM" Debug="false">
    <Text>Package container 'HW.S71500.CPU.CPU_1516_3_PN+DP.MDD_6ES7_516_3AP03_0AB0_3.0_18.0.10' was deleted</Text>
  </Details>
  <Details ServiceId="80" MessageId="30" Timestamp="9/4/2024 11:24:17 AM" Debug="false">
    <Text>Package container 'HW.ET200S.HM_PB.MDD_6ES7_151_1AA04_0AB0_V1.0_14.0.0' was deleted</Text>
  </Details>
  <Details ServiceId="80" MessageId="30" Timestamp="9/4/2024 11:24:17 AM" Debug="false">
    <Text>Package container 'HW.HMI.HmiRt.PC_Device_1.0_17.0.0-HmiOnly' was deleted</Text>
  </Details>
  <Details ServiceId="80" MessageId="30" Timestamp="9/4/2024 11:24:17 AM" Debug="false">
    <Text>Package container 'HW.HMI.HmiRt.PC_Device_1.0_17.0.0' was deleted</Text>
  </Details>
  <Details ServiceId="80" MessageId="30" Timestamp="9/4/2024 11:24:17 AM" Debug="false">
    <Text>Package container 'HW.PC.CP.IE.RTM.PCI.MDD_PC-Cp-Ie-General-8.2.0_14.0.0' was deleted</Text>
  </Details>
  <Details ServiceId="80" MessageId="30" Timestamp="9/4/2024 11:24:17 AM" Debug="false">
    <Text>Package container 'HW.PC.RACK.MDD_PC-Rack_1.0_15.0.10' was deleted</Text>
  </Details>
  <Details ServiceId="80" MessageId="30" Timestamp="9/4/2024 11:24:17 AM" Debug="false">
    <Text>Package container 'HW.PC.StationManager.MDD_PC-Station-Manager_1.1_14.0.0' was deleted</Text>
  </Details>
  <Details ServiceId="80" MessageId="30" Timestamp="9/4/2024 11:24:17 AM" Debug="false">
    <Text>Package container 'HW.PC.DEVICE.MDD_PC-Device_1.0_15.0.10' was deleted</Text>
  </Details>
  <Details ServiceId="80" MessageId="30" Timestamp="9/4/2024 11:24:17 AM" Debug="false">
    <Text>Package container 'HW.SubnetMpi' was deleted</Text>
  </Details>
  <Details ServiceId="80" MessageId="30" Timestamp="9/4/2024 11:24:17 AM" Debug="false">
    <Text>Package container 'HW.HMI.Device.BasicPanels.KTP1200BasicPlusDP_17.0.0-HmiOnly' was deleted</Text>
  </Details>
  <Details ServiceId="80" MessageId="30" Timestamp="9/4/2024 11:24:17 AM" Debug="false">
    <Text>Package container 'HW.HMI.Device.BasicPanels.KTP1200BasicPlusDP_17.0.0' was deleted</Text>
  </Details>
  <Details ServiceId="80" MessageId="30" Timestamp="9/4/2024 11:24:17 AM" Debug="false">
    <Text>Package container 'HW.S7300.SM_AI.MDD_6ES7331-7KF02-0AB0_1.0_17.0.0' was deleted</Text>
  </Details>
  <Details ServiceId="80" MessageId="30" Timestamp="9/4/2024 11:24:17 AM" Debug="false">
    <Text>Package container 'HW.S7300.SM_DIO.MDD_6ES7323-1BH01-0AA0_1.0_14.0.0' was deleted</Text>
  </Details>
  <Details ServiceId="80" MessageId="30" Timestamp="9/4/2024 11:24:17 AM" Debug="false">
    <Text>Package container 'Siemens.Simatic.Lang.S7PSW.V18.0.1.0.NonMandatory' was deleted</Text>
  </Details>
  <Details ServiceId="80" MessageId="30" Timestamp="9/4/2024 11:24:17 AM" Debug="false">
    <Text>Package container 'HW.S7300.CPU.CPU_315_2_PN+DP.MDD_6ES7315-2EH14-0AB0_3.2.18_18.0.10' was deleted</Text>
  </Details>
  <Details ServiceId="80" MessageId="30" Timestamp="9/4/2024 11:24:17 AM" Debug="false">
    <Text>Package container 'HW.S7300.RACK.MDD_6ES7390-1xxx0-0AA0_1.0_14.0.0' was deleted</Text>
  </Details>
  <Details ServiceId="80" MessageId="30" Timestamp="9/4/2024 11:24:17 AM" Debug="false">
    <Text>Package container 'HW.S7300.DEVICE.MDD_S7300-Device_1.0_14.0.0' was deleted</Text>
  </Details>
  <Details ServiceId="80" MessageId="30" Timestamp="9/4/2024 11:24:17 AM" Debug="false">
    <Text>Product version 'Siemens.Simatic.STEP7.Safety:18.00.01.00' was deleted</Text>
  </Details>
  <Details ServiceId="80" MessageId="30" Timestamp="9/4/2024 11:24:17 AM" Debug="false">
    <Text>Product version 'Siemens.Simatic.Hmi.Advanced:17.00.00.00' was deleted</Text>
  </Details>
  <Details ServiceId="80" MessageId="30" Timestamp="9/4/2024 11:24:17 AM" Debug="false">
    <Text>Product version 'Siemens.Simatic.STEP7.Professional:17.00.00.00' was deleted</Text>
  </Details>
  <Details ServiceId="80" MessageId="30" Timestamp="9/4/2024 11:24:17 AM" Debug="false">
    <Text>Product version 'Siemens.Simatic.Hmi.Comfort:14.00.00.00' was deleted</Text>
  </Details>
  <Details ServiceId="80" MessageId="30" Timestamp="9/4/2024 11:24:17 AM" Debug="false">
    <Text>Product version 'Siemens.Simatic.STEP7.Professional:14.00.00.00' was deleted</Text>
  </Details>
  <Details ServiceId="80" MessageId="30" Timestamp="9/4/2024 11:24:17 AM" Debug="false">
    <Text>Product version 'Siemens.Simatic.Hmi.Comfort:15.01.00.00' was deleted</Text>
  </Details>
  <Details ServiceId="80" MessageId="30" Timestamp="9/4/2024 11:24:17 AM" Debug="false">
    <Text>Product version 'Siemens.Simatic.STEP7.Professional:15.01.00.00' was deleted</Text>
  </Details>
  <Details ServiceId="80" MessageId="30" Timestamp="9/4/2024 11:24:17 AM" Debug="false">
    <Text>Product version 'Siemens.Simatic.STEP7.SinemaEBasic:17.00.00.00' was deleted</Text>
  </Details>
  <Details ServiceId="80" MessageId="30" Timestamp="9/4/2024 11:24:17 AM" Debug="false">
    <Text>Product version 'Siemens.Simatic.Portal:18.00.01.00' was deleted</Text>
  </Details>
  <Details ServiceId="80" MessageId="30" Timestamp="9/4/2024 11:24:17 AM" Debug="false">
    <Text>Product version 'Siemens.Simatic.Hmi.Comfort:17.00.00.00' was deleted</Text>
  </Details>
  <MessageCell ServiceId="Automation-ObjectFrame-Feedbacks" MessageId="ConversionInfoTabProjectSucceeded" MessageClass="Success" Timestamp="9/4/2024 11:24:18 AM">
    <Number ServiceNumber="80" MessageNumber="34" />
    <Text FeedbackText="Project 'C:\Users\adminlabo\Desktop\ProgrammesTIA\MagnetUpgrade_04_09_2024\System\PEData.plf' was successfully upgraded and saved as project 'C:\Users\adminlabo\Desktop\ProgrammesTIA\MagnetUpgrade_04_09_2024_V19\System\PEData.plf'." />
    <Help HelpId="-1" HelpFile="" />
  </MessageCell>
  <MessageCell ServiceId="80" MessageId="30" MessageClass="Information" Timestamp="9/4/2024 11:24:18 AM">
    <Number ServiceNumber="80" MessageNumber="30" />
    <Text FeedbackText="FinalCheckRemainingErrors" />
    <Help HelpId="-1" />
  </MessageCell>
  <Details ServiceId="80" MessageId="30" Timestamp="9/4/2024 11:24:18 AM" Debug="false">
    <Text>No error is detected.</Text>
  </Details>
</LogFile>